Station,Eucastarship,Colverde,Luminara,Rosetta,Crystalia,Lavatron,Aquarix,Solaria,Glacius,Verdania,Mysterra
Eucastarship,Station,Colverde,Luminara,Rosetta,Crystalia,Lavatron,Aquarix,Solaria,Glacius,Verdania,Mysterra
Colverde,Station,Eucastarship,Luminara,Rosetta,Crystalia,Lavatron,Aquarix,Solaria,Glacius,Verdania,Mysterra
Luminara,Station,Eucastarship,Colverde,Rosetta,Crystalia,Lavatron,Aquarix,Solaria,Glacius,Verdania,Mysterra
Rosetta,Station,Eucastarship,Colverde,Luminara,Crystalia,Lavatron,Aquarix,Solaria,Glacius,Verdania,Mysterra
Crystalia,Station,Eucastarship,Colverde,Luminara,Rosetta,Lavatron,Aquarix,Solaria,Glacius,Verdania,Mysterra
Lavatron,Station,Eucastarship,Colverde,Luminara,Rosetta,Crystalia,Aquarix,Solaria,Glacius,Verdania,Mysterra
Aquarix,Station,Eucastarship,Colverde,Luminara,Rosetta,Crystalia,Lavatron,Solaria,Glacius,Verdania,Mysterra
Solaria,Station,Eucastarship,Colverde,Luminara,Rosetta,Crystalia,Lavatron,Aquarix,Glacius,Verdania,Mysterra
Glacius,Station,Eucastarship,Colverde,Luminara,Rosetta,Crystalia,Lavatron,Aquarix,Solaria,Verdania,Mysterra
Verdania,Station,Eucastarship,Colverde,Luminara,Rosetta,Crystalia,Lavatron,Aquarix,Solaria,Glacius,Mysterra
Mysterra,Station,Eucastarship,Colverde,Luminara,Rosetta,Crystalia,Lavatron,Aquarix,Solaria,Glacius,Verdania


